series,code,sku_full,name,product_size,packaging_size,gw_nw,spring,accessories,price_usd,img_total,has_featured,gallery,img_status
Wood Oak (O),O-RE001,Eleven-O-RE001,Coral Oak Reformer,237.5x63.5x39cm,247x84x61cm,130/90kg,Germany springs,"with box, jump board, double straps, foot strap, tool kit",495.00,10,Y,9,OK
Wood Oak (O),O-RE002,Eleven-O-RE002,Coral Oak Reformer Tower,233x74x198cm,241x75x52cm,179/120kg,Germany springs,"with tower, box, jump board, double straps, foot strap, tool kit",754.29,11,Y,10,OK
Wood Oak (O),O-RE003,Eleven-O-RE003,Coral Oak Cadillac Reformer (High leg),228x85x198cm,245x81x78cm,205/170kg,Germany springs,"with tower, box, jump board, double straps, foot strap, tool kit",942.86,11,Y,10,OK
Wood Oak (O),O-RE004,Eleven-O-RE004,Coral Oak Cadillac Reformer (Short leg),240x74x198cm,241x80x60cm,195/165kg,Germany springs,"with tower, box, jump board, double straps, foot strap, tool kit",801.43,0,N,0,MISSING (0 images)
Wood Oak (O),O-RE005,Eleven-O-RE005,Coral Oak Cadillac,234x78x210cm,225x85x80cm,155/122kg,Germany springs,"with tower, box, fuzzies, roll down bar, trapeze, tool kit",542.14,8,Y,7,OK
Wood Oak (O),O-RE006,Eleven-O-RE006,Coral Oak Reformer Pro,233x85x35cm,244x80x55cm,135/105kg,Germany springs,"with box, jump board, double straps, foot strap, tool kit",612.86,11,Y,10,OK
Wood Oak (O),O-RE007,Eleven-O-RE007,Coral Oak Reformer Tower Pro,233x85x198cm,244x80x55cm,160/130kg,Germany springs,"with tower, box, jump board, double straps, foot strap, tool kit",895.71,0,N,0,MISSING (0 images)
Wood Oak (O),O-RE008,Eleven-O-RE008,Coral Oak Ladder Barrel,112x63x98cm,115x72x110cm,64/40kg,No,"with pad cushion,wood stick",212.14,7,Y,6,OK
Wood Oak (O),O-RE009,Eleven-O-RE009,Coral Oak Chair,76x65x60cm,80x70x77cm,48/30kg,Germany springs,"with handles, straps, wood stick, tool kit",223.93,6,Y,5,OK
Wood Oak (O),O-RE010,Eleven-O-RE010,Coral Oak Chair Metal Base,75x69x110 cm,80x75x75cm,50/45kg,Germany springs,"with handles, straps, wood stick, tool kit",259.29,0,N,0,MISSING (0 images)
Wood Oak (O),O-RE011,Eleven-O-RE011,Coral Oak Spine Corrector,92x43x32cm,99x50x40cm   P,14/12kg,No,with wood stick   S,61.29,6,Y,5,OK
Wood Oak (O),O-RE012,Eleven-O-RE012,Coral Oak White Paint Reformer,237.5x63.5x39cm,247x84x61cm,130/90kg,5 Germany springs,"with box, jump board, double straps, foot strap, tool kit",542.14,1,Y,0,hero only (no detail shots)
Wood Maple (M),M-RE001,Eleven-M-RE001,Coral Maple Reformer,233x69x35cm,241x80x55cm,125/105kg,Germany springs,"with box, jump board, double straps, foot strap, tool kit",707.14,10,N,10,no hero (gallery only)
Wood Maple (M),M-RE002,Eleven-M-RE002,Coral Maple Reformer Tower,240x74x198 cm,241x75x52cm,179/119kg,Germany springs,"with tower, box, jump board, double straps, foot strap,",966.43,10,Y,9,OK
Wood Maple (M),M-RE003,Eleven-M-RE003,Coral Maple Cadillac Reformer (High leg),242x92x210cm,245x81x78cm,200/170kg,Germany springs,"with tower, box, fuzzies, roll down bar, trapeze, tool kit",1155.00,10,Y,9,OK
Wood Maple (M),M-RE004,Eleven-M-RE004,Coral Maple Cadillac Reformer (Short leg),242x92x210 cm,245x81x55cm,200/170kg,Germany springs,"with tower, box, fuzzies, roll down bar, trapeze, tool kit",1107.86,0,N,0,MISSING (0 images)
Wood Maple (M),M-RE005,Eleven-M-RE005,Coral Maple Cadillac,234x78x210cm,225x85x80cm,147/105kg,Germany springs,"with tower, box, fuzzies, roll down bar, trapeze, tool kit",777.86,11,Y,10,OK
Wood Maple (M),M-RE006,Eleven-M-RE006,Coral Maple Reformer Pro,233x85x35 cm,244x80x55cm,135/105kg,Germany springs,"with box, jump board, double straps, foot strap, tool kit",801.43,10,Y,9,OK
Wood Maple (M),M-RE007,Eleven-M-RE007,Coral Maple Reformer tower Pro,233x85x198cm,244x80x55cm,160/130kg,Germany springs,"with tower, box, jump board, double straps, foot strap, tool kit",1060.71,1,Y,0,hero only (no detail shots)
Wood Maple (M),M-RE008,Eleven-M-RE008,Coral Maple Chair,76x65x60cm,90x70x77cm,48/30kg,Germany springs,"with handles, straps, wood stick, tool kit",235.71,7,Y,6,OK
Wood Maple (M),M-RE009,Eleven-M-RE009,Coral Maple Chair Metal Base,75x69x110 cm,80x70x77cm,50/45kg,Germany springs,"with handles, straps, wood stick, tool kit",318.21,6,Y,5,OK
Wood Maple (M),M-RE010,Eleven-M-RE010,Coral Maple Ladder Barrel,112x63x98cm,115x66x80cm,64/40kg,No,"with pad cushion,wood stick",259.29,9,Y,8,OK
Wood Maple (M),M-RE011,Eleven-M-RE011,Coral Chair Barrel Combo Set,140x82.5x97cm,124x70x108cm,93/70kg,Germany springs,"with pad cushion,handles, straps, wood stick, tool kit",1119.64,6,Y,5,OK
Wood Maple (M),M-RE012,Eleven-M-RE012,Coral Maple Spine Corrector,92x43x32cm,99x50x40cm,14/12kg,No,with wood stick,82.50,6,Y,5,OK
Wood Maple (M),M-RE013,Eleven-M-RE013,Coral Maple Barrel Metal Base,120x60x100.5cm,135x70x114cm,71/45kg,No,"with wood stick, pad cushion",294.64,6,Y,5,OK
Wood Maple (M),M-RE014,Eleven-M-RE014,Coral Splicing Maple Reformer,244x73x48.5cm,232x79x55.5cm,151/104kg,Germany springs,"with box, jump board, double straps, foot strap, tool kit",919.29,6,Y,5,OK
Wood Maple (M),M-RE015,Eleven-M-RE015,Coral Splicing Maple Reformer Tower,244x73x48.5cm,232x79x55.5cm,187/128kg,Germany springs,"with tower, box, jump board, double straps, foot strap, tool kit",1225.71,8,Y,7,OK
Wood Maple (M),M-RE016,Eleven-M-RE016,Coral Maple Reformer Inside Footbar,237x69x33cm,243x73x49cm,125/80kg,Germany springs,"with box, jump board, double straps, foot strap, tool kit",1579.29,11,Y,10,OK
Aluminum (A),A-RE001,Eleven-A-RE001,Coral Aluminum Reformer,230*59*35cm,242*64*54cm,110/73kg,Germany springs,"with box, jump board, double straps, foot strap, tool kit",589.29,14,Y,13,OK
Aluminum (A),A-RE002,Eleven-A-RE002,Coral Aluminum Reformer Tower,230*60*198cm,242*64*54cm,130/100kg,Germany springs,"with tower, box, jump board, double straps, foot strap, tool kit",895.71,8,Y,7,OK
Aluminum (A),A-RE003,Eleven-A-RE003,Coral Black Aluminum Reformer,237x73x35cm,260x75x49cm,131/95kg,Germany springs,"with box, jump board, double straps, foot strap, tool kit",589.29,6,Y,5,OK
Aluminum (A),A-RE004,Eleven-A-RE004,Coral Black Aluminum Reformer Tower,237x73x196cm,248x74x49cm,149/98kg,Germany springs,"with tower, box, jump board, double straps, foot strap, tool kit",942.86,13,N,13,no hero (gallery only)
Aluminum (A),A-RE005,Eleven-A-RE005,Coral White Aluminum Reformer,237x73x35cm,260x75x49cm,131/95kg,Germany springs,"with box, jump board, double straps, foot strap, tool kit",589.29,9,Y,8,OK
Aluminum (A),A-RE006,Eleven-A-RE006,Coral White Aluminum Reformer Tower,237x73x196cm,248x74x49cm,149/98kg,Germany springs,"with tower, box, jump board, double straps, foot strap, tool kit",942.86,8,Y,7,OK
Aluminum (A),A-RE007,Eleven-A-RE007,Coral White Aluminum Cadillac Reformer,241x72x200cm,250x80x55cm,150/130kg,Germany springs,"with tower, box, fuzzies, roll down bar, trapeze, tool kit",1013.57,0,N,0,MISSING (0 images)
Aluminum (A),A-RE008,Eleven-A-RE008,Coral Aluminum Reformer Pro,237x73x35cm,248x74x49cm,95/68kg,Germany springs,"with box, jump board, double straps, foot strap, tool kit",801.43,0,N,0,MISSING (0 images)
Aluminum (A),A-RE009,Eleven-A-RE009,Coral Aluminum Reformer Max,245x70x39cm,248x75x51cm,108/75kg,Germany springs,"with box, jump board, double straps, foot strap, tool kit",730.71,0,N,0,MISSING (0 images)
Aluminum (A),A-RE010,Eleven-A-RE010,Coral Metal Ladder Barrel,125x92x92cm,132x102x94cm,92/54kg,No,with pad cushion,471.43,0,N,0,MISSING (0 images)
Aluminum (A),A-RE011,Eleven-A-RE011,Coral Metal Chair,80x68x100cm,80x78x94cm,61/40kg,Germany springs,"with handles, straps, wood stick, tool kit",471.43,1,Y,0,hero only (no detail shots)
Aluminum (A),A-RE012,Eleven-A-RE012,Coral Anodized White Aluminum Reformer,237x73x35cm,260x75x49cm,131/95kg,Germany springs,"with box, jump board, double straps, foot strap, tool kit",660,6,Y,5,OK
Professional (AB),AB-RE001,Eleven-AB-RE001,Coral AR-1,230x60x37cm,246x65x54cm,115/72kg,Germany springs,"with box, jump board, double straps, foot strap, tool kit",683.57,0,-,0,series has NO images yet
Professional (AB),AB-RE002,Eleven-AB-RE002,Coral AR-1 Pro,230x60x196cm,242x64x54cm,140/100kg,Germany springs,"with tower, box, jump board, double straps, foot strap, tool kit",1107.86,0,-,0,series has NO images yet
Professional (AB),AB-RE003,Eleven-AB-RE003,Coral AR-2,240x82x38 cm,250x87x63cm,140/95kg,Germany springs,"with box, jump board, double straps, foot strap, tool kit",1320.00,0,-,0,series has NO images yet
Professional (AB),AB-RE004,Eleven-AB-RE004,Coral AR-2 Pro,240x82x196cm,247x86x44cm,170/140kg,Germany springs,"with tower, box, jump board, double straps, foot strap, tool kit",1815.00,0,-,0,series has NO images yet
Professional (AB),AB-RE005,Eleven-AB-RE005,Coral AR-2 Pro Max,240x82x198 cm,247x84x62cm,190/160kg,Germany springs,"with tower, box, fuzzies, roll down bar, trapeze, tool kit",2027.14,0,-,0,series has NO images yet
Professional (AB),AB-RE006,Eleven-AB-RE006,Coral AR-3,240x82x38cm,245x87x45cm,140/95kg,Germany springs,"with box, jump board, double straps, foot strap, tool kit",1037.14,0,-,0,series has NO images yet
Professional (AB),AB-RE007,Eleven-AB-RE007,Coral AR-3 Pro,240x82x196 cm,247x86x44cm,170/140kg,Germany springs,"with tower, box, jump board, double straps, foot strap, tool kit",1508.57,0,-,0,series has NO images yet
Professional (AB),AB-RE009,Eleven-AB-RE009,Coral Urban Reformer,251x63x56 cm,171x70x32cm,71/51kg,Germany springs,"with box, jump board, double straps, foot strap, tool kit",471.43,0,-,0,series has NO images yet
Professional (AB),AB-RE010,Eleven-AB-RE010,Coral Pro Reformer,242x69x32cm,244x80x47cm,135/105kg,Germany springs,"with box, jump board, double straps, foot strap, tool kit",754.29,0,-,0,series has NO images yet
Professional (AB),AB-RE017,Eleven-AB-RE017,Coral Maple Pro Cadillac,228x69x221cm,233*77*79cm,152/108kg,Germany springs,"with tower, box, fuzzies, roll down bar, trapeze, tool kit",1767.86,0,-,0,series has NO images yet
Professional (AB),AB-RE011,Eleven-AB-RE011,Coral Studio Pro Reformer,241x68.5x39.5 cm,245x75x60cm,140/100kg,Germany springs,"with box, jump board, double straps, foot strap, tool kit",1885.71,0,-,0,series has NO images yet
Professional (AB),AB-RE012,Eleven-AB-RE012,Coral Studio Pro Reformer Tower,243x78.2x188cm,245x75x60cm,180/140kg,Germany springs,"with tower, box, jump board, double straps, foot strap, tool kit",2828.57,0,-,0,series has NO images yet
Professional (AB),AB-RE013,Eleven-AB-RE013,Trapeze Table (Cadillac),245x78x221cm,223x78.5x78cm,160/120kg,Germany springs,"with tower, box, fuzzies, roll down bar, trapeze, tool kit",2121.43,0,-,0,series has NO images yet
Professional (AB),AB-RE015,Eleven-AB-RE015,Coral Pro Ladder Barrel,120x92x97cm,123x66x102cm,60/40kg,No,"with pad cushion,wood stick",848.57,0,-,0,series has NO images yet
Professional (AB),AB-RE016,Eleven-AB-RE016,Coral Pro Combo Chair,72x70x65cm,84x75x70cm,57/37kg,Germany springs,"with handles, straps, wood stick, tool kit",754.29,0,-,0,series has NO images yet
Professional (AB),AB-RE018,Eleven-AB-RE018,Coral Pro Chair,78x63x64cm,83x67x72cm,35/25kg,Germany springs,"with handles, straps, wood stick, tool kit",259.29,0,-,0,series has NO images yet
Professional (AB),AB-RE019,Eleven-AB-RE019,Coral Springboard,187x68cm,187x68x20cm,35/30kg,Germany springs,"with push through bar,safety rope",282.86,0,-,0,series has NO images yet
Professional (AB),AB-RE014,Eleven-AB-RE014,Coral Wall Tower,Tower:69x210cm-Mat:57x190cm,220x61x42cm,78/47kg,Germany springs,"with mat,push through bar",518.57,0,-,0,series has NO images yet
Modular (CM),CM-RE001,Eleven-CM-RE001,Coral Modular-1,247.5x63x28cm,260x80x29cm,139/90kg,Germany springs,"with box, jump board, double straps, foot strap, tool kit",1131.43,0,-,0,series has NO images yet
Modular (CM),CM-RE002,Eleven-CM-RE002,Coral Modular-2,247.5x63x28cm,260x80x29cm,165/125kg,Germany springs,"with tower,box, jump board, double straps, foot strap, tool kit",1508.57,0,-,0,series has NO images yet
Modular (CM),CM-RE003,Eleven-CM-RE003,Coral Modular-3,256x74x43.5cm,263x82x62cm,160/110kg,Germany springs,"with box, jump board, double straps, foot strap, tool kit",1131.43,0,-,0,series has NO images yet
Modular (CM),CM-RE004,Eleven-CM-RE004,Coral Modular-3 Pro,248x74x43.5cm,263x82x62cm,191/151kg,Germany springs,"with tower,box, jump board, double straps, foot strap, tool kit",1602.86,0,-,0,series has NO images yet
Modular (CM),CM-RE005,Eleven-CM-RE005,Coral Metal Cadillac,231x91x210cm,246x85x47cm,158/128kg,Germany springs,"with tower, box, fuzzies, roll down bar, trapeze, tool kit",518.57,0,-,0,series has NO images yet
Modular (CM),CM-RE006,Eleven-CM-RE006,Coral Modular Chair,83x73x120-143cm,92x76x73cm,55/44kg,Germany springs,"with handles, straps, wood stick, tool kit",424.29,0,-,0,series has NO images yet
Modular (CM),CM-RE007,Eleven-CM-RE007,Coral Modular Ladder Barrel,119x82x101cm,124x72x110cm,75/60kg,No,"with mat cushion,wood stick",424.29,0,-,0,series has NO images yet
Modular (CM),CM-RE008,Eleven-CM-RE008,Coral Modular Spine Corrector,92x43x32cm,99x50x40cm,14/12kg,No,with wood stick,117.86,0,-,0,series has NO images yet
Classical (AC),AC-RE001-STL,Eleven-AC-RE001-STL,Coral Classic Reformer,243x72x72cm,234x75x55cm,112.6/100kg,Germany springs,"with box, jump board, double straps, foot strap, tool kit",2592.86,0,-,0,series has NO images yet
Classical (AC),AC-RE001-MPL,Eleven-AC-RE001-MPL,Coral Maple Classic Reformer,243x72x72cm,234x75x55cm,112.6/100kg,Germany springs,"with box, jump board, double straps, foot strap, tool kit",2592.86,0,-,0,series has NO images yet
Classical (AC),AC-RE001-WAL,Eleven-AC-RE001-WAL,Coral Walnut Classic Reformer,243x72x72cm,234x75x55cm,112.6/100kg,Germany springs,"with box, jump board, double straps, foot strap, tool kit",3064.29,0,-,0,series has NO images yet
Classical (AC),AC-RE002,Eleven-AC-RE002,Coral Classic Reformer Tower,258x61x186cm,231x71x55cm,143/130kg,Germany springs,"with tower,box, jump board, double straps, foot strap, tool kit",3300.00,0,-,0,series has NO images yet
Classical (AC),AC-RE003,Eleven-AC-RE003,Coral Classic Cadillac,242x75x208cm,225x70x78cm,150/134kg,Germany springs,"with tower, box, fuzzies, roll down bar, trapeze, tool kit",3064.29,0,-,0,series has NO images yet
Classical (AC),AC-RE004,Eleven-AC-RE004,Coral Classic Cadillac Reformer,242x75x208cm,231x72x55cm,180/160kg,Germany springs,"with tower, box, fuzzies, roll down bar, trapeze, tool kit",4360.71,0,-,0,series has NO images yet
Classical (AC),AC-RE005,Eleven-AC-RE005,Coral Pedi Pole,Base: 48 x 60 cm. Width: 57 cm.,136.5x61x11cm,30/20kg,Germany springs,with straps,282.86,0,-,0,series has NO images yet
Classical (AC),AC-RE006,Eleven-AC-RE006,Coral Arm Chair,74x53x57cm,81x74x75cm,74/69kg,Classic springs,with metal wood handles,707.14,0,-,0,series has NO images yet
Classical (AC),AC-RE007,Eleven-AC-RE007,Coral Classic Spine Corrector,92x43x32cm,73x32x46cm,18/12kg,No,with handles,153.21,0,-,0,series has NO images yet
Classical (AC),AC-RE008,Eleven-AC-RE008,Coral Classic Chair,74x53x57cm,105x52x52cm,29/24kg,Classic springs,No,750.00,0,-,0,series has NO images yet
Classical (AC),AC-RE009,Eleven-AC-RE009,Coral Classic High Chair,74x63x164.5cm,70x44x127cm-105x52x52cm,66/56kg,Classic springs,with handles,1296.43,0,-,0,series has NO images yet
Classical (AC),AC-RE010,Eleven-AC-RE010,Coral Classic Folding mat,203.2x60.9x5cm,107x65x108cm,24.2/16kg,No,"with mats,wood handles",282.86,0,-,0,series has NO images yet
Folding (F),F-RE001-OAK,Eleven-F-RE001-OAK,Coral Oak Fold-1,230x69x58cm,127x71x61cm,89/55kg,Germany springs,"with box, jump board, double straps, foot strap, tool kit",495.00,0,-,0,series has NO images yet
Folding (F),F-RE001-MPL,Eleven-F-RE001-MPL,Coral Maple Fold-1,230x69x58cm,127x71x61cm,89/55kg,Germany springs,"with box, jump board, double straps, foot strap, tool kit",660.00,0,-,0,series has NO images yet
Folding (F),F-RE002-OAK,Eleven-F-RE002-OAK,Coral Oak Fold-2,243x65x25.5cm,130x73x57cm,96/66kg,Germany springs,"with box, jump board, double straps, foot strap, tool kit",518.57,0,-,0,series has NO images yet
Folding (F),F-RE002-MPL,Eleven-F-RE002-MPL,Coral Maple Fold-2,243x65x25.5cm,130x73x57cm,96/66kg,Germany springs,"with box, jump board, double straps, foot strap, tool kit",612.86,0,-,0,series has NO images yet
Folding (F),F-RE003,Eleven-F-RE003,Coral Aluminum Fold-1,232x68x65cm,150x75x65cm,99/72kg,Germany springs,"with box, jump board, double straps, foot strap, tool kit",589.29,0,-,0,series has NO images yet
Folding (F),F-RE004,Eleven-F-RE004,Coral Aluminum Fold-2,232x68x65cm,150x75x65cm,99/72kg,Germany springs,"with box, jump board, double straps, foot strap, tool kit",589.29,0,-,0,series has NO images yet
Spiral Pulley (GY),GY-RE001,Eleven-GY-RE001,Coral Spiral Pulley-1,215x129x93cm,207x76x62cm-174x70x74cm,183/130kg,No,"with rope, handles, dumbells, straps",1485.00,0,-,0,series has NO images yet
Spiral Pulley (GY),GY-RE002,Eleven-GY-RE002,Coral Spiral Pulley-2,272x102x212cm,277.5x108x76cm,200/150kg,No,"with rope, handles, dumbells, straps",4714.29,0,-,0,series has NO images yet
